"token","lemma","brand","doc_type"
"salted","salt","bj","name"
"caramel","caramel","bj","name"
"core","core","bj","name"
"netflix","netflix","bj","name"
"chip","chip","bj","name"
"happens","happen","bj","name"
"cannoli","cannoli","bj","name"
"gimme","gimme","bj","name"
"peanut","peanut","bj","name"
"butter","butter","bj","name"
"half","half","bj","name"
"baked","bake","bj","name"
"berry","berry","bj","name"
"sweet","sweet","bj","name"
"mascarpone","mascarpone","bj","name"
"chocolate","chocolate","bj","name"
"split","split","bj","name"
"justice","justice","bj","name"
"boots","boot","bj","name"
"the","the","bj","name"
"americone","americone","bj","name"
"dream","dream","bj","name"
"bourbon","bourbon","bj","name"
"pecan","pecan","bj","name"
"pie","pie","bj","name"
"brewed","brew","bj","name"
"matter","matter","bj","name"
"cheesecake","cheesecake","bj","name"
"cherry","cherry","bj","name"
"garcia","garcia","bj","name"
"chillin","chillin","bj","name"
"roast","roast","bj","name"
"cookie","cookie","bj","name"
"dough","dough","bj","name"
"fudge","fudge","bj","name"
"brownie","brownie","bj","name"
"shake","shake","bj","name"
"therapy","therapy","bj","name"
"chubby","chubby","bj","name"
"hubby","hubby","bj","name"
"chunky","chunky","bj","name"
"monkey","monkey","bj","name"
"cinnamon","cinnamon","bj","name"
"buns","buns","bj","name"
"coffee","coffee","bj","name"
"buzzbuzzbuzz","buzzbuzzbuzz","bj","name"
"toffee","toffee","bj","name"
"bar","bar","bj","name"
"crunch","crunch","bj","name"
"cold","cold","bj","name"
"brew","brew","bj","name"
"latte","latte","bj","name"
"everything","everything","bj","name"
"but","but","bj","name"
"glampfire","glampfire","bj","name"
"trail","trail","bj","name"
"mix","mix","bj","name"
"baked","baked","bj","name"
"ice","ice","bj","name"
"cream","cream","bj","name"
"sammie","sammie","bj","name"
"milk","milk","bj","name"
"cookies","cookies","bj","name"
"mint","mint","bj","name"
"minter","minter","bj","name"
"wonderland","wonderland","bj","name"
"new","new","bj","name"
"york","york","bj","name"
"super","super","bj","name"
"chunk","chunk","bj","name"
"oat","oat","bj","name"
"this","this","bj","name"
"swirled","swirled","bj","name"
"cup","cup","bj","name"
"world","world","bj","name"
"phish","phish","bj","name"
"food","food","bj","name"
"pistachio","pistachio","bj","name"
"pumpkin","pumpkin","bj","name"
"red","red","bj","name"
"white","white","bj","name"
"blueberry","blueberry","bj","name"
"salted","salted","bj","name"
"almond","almond","bj","name"
"strawberry","strawberry","bj","name"
"tonight","tonight","bj","name"
"triple","triple","bj","name"
"urban","urban","bj","name"
"vanilla","vanilla","bj","name"
"boom","boom","bj","name"
"chocolatta","chocolatta","bj","name"
"like","like","bj","name"
"sugar","sugar","bj","name"
"wake","wake","bj","name"
"bake","bake","bj","name"
"batter","batter","bj","name"
"karamel","karamel","bj","name"
"sutra","sutra","bj","name"
"cream","cream","bj","ingredients"
"skim","skim","bj","ingredients"
"milk","milk","bj","ingredients"
"liquid","liquid","bj","ingredients"
"sugar","sugar","bj","ingredients"
"water","water","bj","ingredients"
"brown","brown","bj","ingredients"
"wheat","wheat","bj","ingredients"
"flour","flour","bj","ingredients"
"egg","egg","bj","ingredients"
"yolks","yolks","bj","ingredients"
"corn","corn","bj","ingredients"
"syrup","syrup","bj","ingredients"
"eggs","eggs","bj","ingredients"
"butter","butter","bj","ingredients"
"salt","salt","bj","ingredients"
"butteroil","butteroil","bj","ingredients"
"pectin","pectin","bj","ingredients"
"sea","sea","bj","ingredients"
"soybean","soybean","bj","ingredients"
"oil","oil","bj","ingredients"
"vanilla","vanilla","bj","ingredients"
"extract","extract","bj","ingredients"
"guar","guar","bj","ingredients"
"gum","gum","bj","ingredients"
"soy","soy","bj","ingredients"
"lecithin","lecithin","bj","ingredients"
"baking","baking","bj","ingredients"
"powder","powder","bj","ingredients"
"sodium","sodium","bj","ingredients"
"acid","acid","bj","ingredients"
"pyrophosphate","pyrophosphate","bj","ingredients"
"bicarbonate","bicarbonate","bj","ingredients"
"starch","starch","bj","ingredients"
"monocalcium","monocalcium","bj","ingredients"
"phosphate","phosphate","bj","ingredients"
"soda","soda","bj","ingredients"
"carrageenan","carrageenan","bj","ingredients"
"lactase","lactase","bj","ingredients"
"peanuts","peanuts","bj","ingredients"
"canola","canola","bj","ingredients"
"peanut","peanut","bj","ingredients"
"cocoa","cocoa","bj","ingredients"
"invert","invert","bj","ingredients"
"cane","cane","bj","ingredients"
"fat","fat","bj","ingredients"
"whites","whites","bj","ingredients"
"tapioca","tapioca","bj","ingredients"
"barley","barley","bj","ingredients"
"malt","malt","bj","ingredients"
"malted","malt","bj","ingredients"
"processed","processed","bj","ingredients"
"with","with","bj","ingredients"
"alkali","alkali","bj","ingredients"
"potato","potato","bj","ingredients"
"coconut","coconut","bj","ingredients"
"solids","solids","bj","ingredients"
"rice","rice","bj","ingredients"
"sunflower","sunflower","bj","ingredients"
"yeast","yeast","bj","ingredients"
"natural","natural","bj","ingredients"
"flavor","flavor","bj","ingredients"
"milkfat","milkfat","bj","ingredients"
"enzymes","enzymes","bj","ingredients"
"contains","contains","bj","ingredients"
"and","and","bj","ingredients"
"dried","dried","bj","ingredients"
"flavors","flavors","bj","ingredients"
"locust","locust","bj","ingredients"
"bean","bean","bj","ingredients"
"citric","citric","bj","ingredients"
"seeds","seeds","bj","ingredients"
"lactic","lactic","bj","ingredients"
"graham","graham","bj","ingredients"
"molasses","molasses","bj","ingredients"
"honey","honey","bj","ingredients"
"caramelized","caramelized","bj","ingredients"
"chocolate","chocolate","bj","ingredients"
"liquor","liquor","bj","ingredients"
"malted","malted","bj","ingredients"
"roasted","roasted","bj","ingredients"
"almonds","almonds","bj","ingredients"
"blackberry","blackberry","bj","ingredients"
"juice","juice","bj","ingredients"
"concentrate","concentrate","bj","ingredients"
"banana","banana","bj","ingredients"
"puree","puree","bj","ingredients"
"nonfat","nonfat","bj","ingredients"
"lemon","lemon","bj","ingredients"
"spices","spices","bj","ingredients"
"cinnamon","cinnamon","bj","ingredients"
"pecans","pecans","bj","ingredients"
"whiskey","whiskey","bj","ingredients"
"dry","dry","bj","ingredients"
"caramel","caramel","bj","ingredients"
"color","color","bj","ingredients"
"may","may","bj","ingredients"
"contain","contain","bj","ingredients"
"other","other","bj","ingredients"
"tree","tree","bj","ingredients"
"nuts","nuts","bj","ingredients"
"coffee","coffee","bj","ingredients"
"cheese","cheese","bj","ingredients"
"pasteurized","pasteurized","bj","ingredients"
"cultures","cultures","bj","ingredients"
"carob","carob","bj","ingredients"
"protein","protein","bj","ingredients"
"cherries","cherries","bj","ingredients"
"fruit","fruit","bj","ingredients"
"vegetable","vegetable","bj","ingredients"
"concentrates","concentrates","bj","ingredients"
"rum","rum","bj","ingredients"
"expeller","expeller","bj","ingredients"
"pressed","pressed","bj","ingredients"
"powdered","powdered","bj","ingredients"
"cornstarch","cornstarch","bj","ingredients"
"partially","partially","bj","ingredients"
"defatted","defatte","bj","ingredients"
"walnuts","walnuts","bj","ingredients"
"spice","spice","bj","ingredients"
"safflower","safflower","bj","ingredients"
"maltodextrin","maltodextrin","bj","ingredients"
"beans","beans","bj","ingredients"
"peppermint","peppermint","bj","ingredients"
"oats","oats","bj","ingredients"
"pistachios","pistachios","bj","ingredients"
"pumpkin","pumpkin","bj","ingredients"
"cultured","cultured","bj","ingredients"
"nutmeg","nutmeg","bj","ingredients"
"ginger","ginger","bj","ingredients"
"cloves","cloves","bj","ingredients"
"annatto","annatto","bj","ingredients"
"blueberry","blueberry","bj","ingredients"
"strawberries","strawberries","bj","ingredients"
"raspberry","raspberry","bj","ingredients"
"beans","bean","bj","ingredients"
"strawberry","strawberry","bj","ingredients"
"whey","whey","bj","ingredients"
"chips","chips","bj","ingredients"
"unsweetened","unsweetened","bj","ingredients"
"almond","almond","bj","ingredients"
"heavy","heavy","bj","ingredients"
"culture","culture","bj","ingredients"
"modified","modified","bj","ingredients"
"food","food","bj","ingredients"
"xanthan","xanthan","bj","ingredients"
"white","white","hd","name"
"chocolate","chocolate","hd","name"
"raspberry","raspberry","hd","name"
"truffle","truffle","hd","name"
"ice","ice","hd","name"
"cream","cream","hd","name"
"banana","banana","hd","name"
"peanut","peanut","hd","name"
"butter","butter","hd","name"
"chip","chip","hd","name"
"bourbon","bourbon","hd","name"
"praline","praline","hd","name"
"pecan","pecan","hd","name"
"vanilla","vanilla","hd","name"
"bean","bean","hd","name"
"caramel","caramel","hd","name"
"soft","soft","hd","name"
"dipped","dip","hd","name"
"bar","bar","hd","name"
"cone","cone","hd","name"
"cherry","cherry","hd","name"
"cookie","cookie","hd","name"
"dough","dough","hd","name"
"dark","dark","hd","name"
"fudge","fudge","hd","name"
"non","non","hd","name"
"dairy","dairy","hd","name"
"salted","salted","hd","name"
"sea","sea","hd","name"
"salt","salt","hd","name"
"heaven","heaven","hd","name"
"light","light","hd","name"
"coconut","coconut","hd","name"
"trio","trio","hd","name"
"crispy","crispy","hd","name"
"layers","layer","hd","name"
"coffee","coffee","hd","name"
"almond","almond","hd","name"
"crunch","crunch","hd","name"
"cold","cold","hd","name"
"brew","brew","hd","name"
"espresso","espresso","hd","name"
"cookies","cookies","hd","name"
"and","and","hd","name"
"double","double","hd","name"
"belgian","belgian","hd","name"
"dulce","dulce","hd","name"
"leche","leche","hd","name"
"squares","squares","hd","name"
"green","green","hd","name"
"tea","tea","hd","name"
"honey","honey","hd","name"
"irish","irish","hd","name"
"brownie","brownie","hd","name"
"lemon","lemon","hd","name"
"sorbet","sorbet","hd","name"
"mango","mango","hd","name"
"mint","mint","hd","name"
"squares","square","hd","name"
"peppermint","peppermint","hd","name"
"bark","bark","hd","name"
"pineapple","pineapple","hd","name"
"pistachio","pistachio","hd","name"
"rocky","rocky","hd","name"
"road","road","hd","name"
"ruby","ruby","hd","name"
"cacao","cacao","hd","name"
"crackle","crackle","hd","name"
"sweet","sweet","hd","name"
"rum","rum","hd","name"
"raisin","raisin","hd","name"
"tres","tres","hd","name"
"leches","leche","hd","name"
"strawberry","strawberry","hd","name"
"waffle","waffle","hd","name"
"triple","triple","hd","name"
"blackberry","blackberry","hd","name"
"milk","milk","hd","name"
"swiss","swiss","hd","name"
"whiskey","whiskey","hd","name"
"hazelnut","hazelnut","hd","name"
"latte","latte","hd","name"
"cream","cream","hd","ingredients"
"skim","skim","hd","ingredients"
"milk","milk","hd","ingredients"
"sugar","sugar","hd","ingredients"
"raspberry","raspberry","hd","ingredients"
"puree","puree","hd","ingredients"
"lactose","lactose","hd","ingredients"
"reduced","reduced","hd","ingredients"
"corn","corn","hd","ingredients"
"syrup","syrup","hd","ingredients"
"egg","egg","hd","ingredients"
"yolks","yolks","hd","ingredients"
"coconut","coconut","hd","ingredients"
"oil","oil","hd","ingredients"
"soybean","soybean","hd","ingredients"
"cocoa","cocoa","hd","ingredients"
"processed","processed","hd","ingredients"
"with","with","hd","ingredients"
"alkali","alkali","hd","ingredients"
"powder","powder","hd","ingredients"
"natural","natural","hd","ingredients"
"flavor","flavor","hd","ingredients"
"lemon","lemon","hd","ingredients"
"juice","juice","hd","ingredients"
"concentrate","concentrate","hd","ingredients"
"pectin","pectin","hd","ingredients"
"butter","butter","hd","ingredients"
"salt","salt","hd","ingredients"
"vanilla","vanilla","hd","ingredients"
"extract","extract","hd","ingredients"
"peanuts","peanuts","hd","ingredients"
"banana","banana","hd","ingredients"
"peanut","peanut","hd","ingredients"
"soy","soy","hd","ingredients"
"lecithin","lecithin","hd","ingredients"
"brown","brown","hd","ingredients"
"pecans","pecans","hd","ingredients"
"molasses","molasses","hd","ingredients"
"sweetened","sweetened","hd","ingredients"
"condensed","condensed","hd","ingredients"
"maple","maple","hd","ingredients"
"flavors","flavors","hd","ingredients"
"contains","contains","hd","ingredients"
"barley","barley","hd","ingredients"
"starch","starch","hd","ingredients"
"baking","baking","hd","ingredients"
"soda","soda","hd","ingredients"
"caramel","caramel","hd","ingredients"
"bourbon","bourbon","hd","ingredients"
"honey","honey","hd","ingredients"
"ground","ground","hd","ingredients"
"beans","bean","hd","ingredients"
"ice","ice","hd","ingredients"
"chocolaty","chocolaty","hd","ingredients"
"coating","coating","hd","ingredients"
"canola","canola","hd","ingredients"
"palm","palm","hd","ingredients"
"milkfat","milkfat","hd","ingredients"
"salted","salt","hd","ingredients"
"swirl","swirl","hd","ingredients"
"water","water","hd","ingredients"
"and","and","hd","ingredients"
"ingredients","ingredient","hd","ingredients"
"cone","cone","hd","ingredients"
"pieces","piece","hd","ingredients"
"wheat","wheat","hd","ingredients"
"flour","flour","hd","ingredients"
"chocolate","chocolate","hd","ingredients"
"whole","whole","hd","ingredients"
"black","black","hd","ingredients"
"cherries","cherries","hd","ingredients"
"cherries","cherry","hd","ingredients"
"cherry","cherry","hd","ingredients"
"apple","apple","hd","ingredients"
"cane","cane","hd","ingredients"
"fructose","fructose","hd","ingredients"
"dark","dark","hd","ingredients"
"powdered","powdered","hd","ingredients"
"sunflower","sunflower","hd","ingredients"
"belgian","belgian","hd","ingredients"
"sea","sea","hd","ingredients"
"vitamin","vitamin","hd","ingredients"
"palmitate","palmitate","hd","ingredients"
"coffee","coffee","hd","ingredients"
"almonds","almonds","hd","ingredients"
"roasted","roast","hd","ingredients"
"vegetable","vegetable","hd","ingredients"
"safflower","safflower","hd","ingredients"
"toffee","toffee","hd","ingredients"
"chunks","chunks","hd","ingredients"
"cottonseed","cottonseed","hd","ingredients"
"ulce","ulce","hd","ingredients"
"leche","leche","hd","ingredients"
"cookie","cookie","hd","ingredients"
"bleached","bleached","hd","ingredients"
"drizzle","drizzle","hd","ingredients"
"green","green","hd","ingredients"
"tea","tea","hd","ingredients"
"bleached","bleach","hd","ingredients"
"eggs","eggs","hd","ingredients"
"citric","citric","hd","ingredients"
"acid","acid","hd","ingredients"
"nonfat","nonfat","hd","ingredients"
"dry","dry","hd","ingredients"
"mango","mango","hd","ingredients"
"orange","orange","hd","ingredients"
"carrot","carrot","hd","ingredients"
"pumpkin","pumpkin","hd","ingredients"
"frozen","freeze","hd","ingredients"
"dessert","dessert","hd","ingredients"
"fudge","fudge","hd","ingredients"
"white","white","hd","ingredients"
"peppermint","peppermint","hd","ingredients"
"bark","bark","hd","ingredients"
"pieces","pieces","hd","ingredients"
"butterfat","butterfat","hd","ingredients"
"for","for","hd","ingredients"
"color","color","hd","ingredients"
"twists","twists","hd","ingredients"
"candy","candy","hd","ingredients"
"kernel","kernel","hd","ingredients"
"pineapple","pineapple","hd","ingredients"
"rum","rum","hd","ingredients"
"weet","weet","hd","ingredients"
"roasted","roasted","hd","ingredients"
"pistachios","pistachios","hd","ingredients"
"whites","whites","hd","ingredients"
"tartar","tartar","hd","ingredients"
"grape","grape","hd","ingredients"
"wine","wine","hd","ingredients"
"pistachio","pistachio","hd","ingredients"
"paste","paste","hd","ingredients"
"contains","contain","hd","ingredients"
"raisins","raisins","hd","ingredients"
"evaporated","evaporated","hd","ingredients"
"flavors","flavor","hd","ingredients"
"caramelized","caramelized","hd","ingredients"
"strawberries","strawberries","hd","ingredients"
"strawberries","strawberry","hd","ingredients"
"coated","coat","hd","ingredients"
"waffle","waffle","hd","ingredients"
"natural","natural","breyers","name"
"vanilla","vanilla","breyers","name"
"homemade","homemade","breyers","name"
"extra","extra","breyers","name"
"creamy","creamy","breyers","name"
"chocolate","chocolate","breyers","name"
"strawberry","strawberry","breyers","name"
"mint","mint","breyers","name"
"chip","chip","breyers","name"
"delights","delight","breyers","name"
"delights","delights","breyers","name"
"cookies","cookies","breyers","name"
"cream","cream","breyers","name"
"bean","bean","breyers","name"
"french","french","breyers","name"
"carbsmart","carbsmart","breyers","name"
"lactose","lactose","breyers","name"
"free","free","breyers","name"
"sugar","sugar","breyers","name"
"added","add","breyers","name"
"oreo","oreo","breyers","name"
"chips","chips","breyers","name"
"ahoy","ahoy","breyers","name"
"caramel","caramel","breyers","name"
"gelato","gelato","breyers","name"
"indulgences","indulgences","breyers","name"
"peach","peach","breyers","name"
"fudge","fudge","breyers","name"
"twirl","twirl","breyers","name"
"peanut","peanut","breyers","name"
"butter","butter","breyers","name"
"added","added","breyers","name"
"non","non","breyers","name"
"dairy","dairy","breyers","name"
"raspberry","raspberry","breyers","name"
"cheesecake","cheesecake","breyers","name"
"indulgences","indulgence","breyers","name"
"reese","reese","breyers","name"
"pieces","pieces","breyers","name"
"swirl","swirl","breyers","name"
"snickers","snicker","breyers","name"
"snickers","snickers","breyers","name"
"almond","almond","breyers","name"
"bar","bar","breyers","name"
"heath","heath","breyers","name"
"waffle","waffle","breyers","name"
"cone","cone","breyers","name"
"pecan","pecan","breyers","name"
"snack","snack","breyers","name"
"cups","cups","breyers","name"
"creamsicle","creamsicle","breyers","name"
"new","new","breyers","name"
"york","york","breyers","name"
"style","style","breyers","name"
"rocky","rocky","breyers","name"
"road","road","breyers","name"
"cherry","cherry","breyers","name"
"cookie","cookie","breyers","name"
"dough","dough","breyers","name"
"coffee","coffee","breyers","name"
"black","black","breyers","name"
"truffle","truffle","breyers","name"
"salted","salted","breyers","name"
"ice","ice","breyers","name"
"cake","cake","breyers","name"
"coconut","coconut","breyers","name"
"butterscotch","butterscotch","breyers","name"
"blondie","blondie","breyers","name"
"cinnabon","cinnabon","breyers","name"
"layered","layered","breyers","name"
"dessert","dessert","breyers","name"
"cobbler","cobbler","breyers","name"
"brownie","brownie","breyers","name"
"milk","milk","breyers","ingredients"
"cream","cream","breyers","ingredients"
"sugar","sugar","breyers","ingredients"
"vegetable","vegetable","breyers","ingredients"
"gum","gum","breyers","ingredients"
"tara","tara","breyers","ingredients"
"natural","natural","breyers","ingredients"
"flavor","flavor","breyers","ingredients"
"corn","corn","breyers","ingredients"
"syrup","syrup","breyers","ingredients"
"whey","whey","breyers","ingredients"
"egg","egg","breyers","ingredients"
"yolks","yolks","breyers","ingredients"
"gums","gums","breyers","ingredients"
"carob","carob","breyers","ingredients"
"bean","bean","breyers","ingredients"
"guar","guar","breyers","ingredients"
"mono","mono","breyers","ingredients"
"and","and","breyers","ingredients"
"diglycerides","diglycerides","breyers","ingredients"
"salt","salt","breyers","ingredients"
"annatto","annatto","breyers","ingredients"
"for","for","breyers","ingredients"
"color","color","breyers","ingredients"
"vitamin","vitamin","breyers","ingredients"
"palmitate","palmitate","breyers","ingredients"
"dutched","dutched","breyers","ingredients"
"cocoa","cocoa","breyers","ingredients"
"processed","processed","breyers","ingredients"
"with","with","breyers","ingredients"
"alkali","alkali","breyers","ingredients"
"strawberries","strawberries","breyers","ingredients"
"coconut","coconut","breyers","ingredients"
"oil","oil","breyers","ingredients"
"soy","soy","breyers","ingredients"
"lecithin","lecithin","breyers","ingredients"
"skim","skim","breyers","ingredients"
"soluble","soluble","breyers","ingredients"
"fiber","fiber","breyers","ingredients"
"erythritol","erythritol","breyers","ingredients"
"protein","protein","breyers","ingredients"
"concentrate","concentrate","breyers","ingredients"
"reb","reb","breyers","ingredients"
"stevia","stevia","breyers","ingredients"
"leaf","leaf","breyers","ingredients"
"extract","extract","breyers","ingredients"
"chocolatey","chocolatey","breyers","ingredients"
"chips","chips","breyers","ingredients"
"maltitol","maltitol","breyers","ingredients"
"chocolate","chocolate","breyers","ingredients"
"liquor","liquor","breyers","ingredients"
"butter","butter","breyers","ingredients"
"vanilla","vanilla","breyers","ingredients"
"wheat","wheat","breyers","ingredients"
"flour","flour","breyers","ingredients"
"palm","palm","breyers","ingredients"
"kernel","kernel","breyers","ingredients"
"sodium","sodium","breyers","ingredients"
"bicarbonate","bicarbonate","breyers","ingredients"
"flavors","flavors","breyers","ingredients"
"water","water","breyers","ingredients"
"polydextrose","polydextrose","breyers","ingredients"
"glycerin","glycerin","breyers","ingredients"
"acesulfame","acesulfame","breyers","ingredients"
"potassium","potassium","breyers","ingredients"
"sucralose","sucralose","breyers","ingredients"
"lactase","lactase","breyers","ingredients"
"enzyme","enzyme","breyers","ingredients"
"maltodextrin","maltodextrin","breyers","ingredients"
"oreo","oreo","breyers","ingredients"
"cookie","cookie","breyers","ingredients"
"pieces","pieces","breyers","ingredients"
"unbleached","unbleached","breyers","ingredients"
"enriched","enriched","breyers","ingredients"
"niacin","niacin","breyers","ingredients"
"reduced","reduced","breyers","ingredients"
"iron","iron","breyers","ingredients"
"thiamine","thiamine","breyers","ingredients"
"mononitrate","mononitrate","breyers","ingredients"
"riboflavin","riboflavin","breyers","ingredients"
"folic","folic","breyers","ingredients"
"acid","acid","breyers","ingredients"
"canola","canola","breyers","ingredients"
"invert","invert","breyers","ingredients"
"leavening","leavening","breyers","ingredients"
"baking","baking","breyers","ingredients"
"soda","soda","breyers","ingredients"
"calcium","calcium","breyers","ingredients"
"phosphate","phosphate","breyers","ingredients"
"fructose","fructose","breyers","ingredients"
"soybean","soybean","breyers","ingredients"
"chip","chip","breyers","ingredients"
"cookies","cookie","breyers","ingredients"
"semi","semi","breyers","ingredients"
"sweet","sweet","breyers","ingredients"
"chunks","chunks","breyers","ingredients"
"dextrose","dextrose","breyers","ingredients"
"high","high","breyers","ingredients"
"artificial","artificial","breyers","ingredients"
"flavoring","flavoring","breyers","ingredients"
"caramel","caramel","breyers","ingredients"
"nonfat","nonfat","breyers","ingredients"
"solids","solids","breyers","ingredients"
"molasses","molasses","breyers","ingredients"
"pectin","pectin","breyers","ingredients"
"lactic","lactic","breyers","ingredients"
"sorbate","sorbate","breyers","ingredients"
"preservative","preservative","breyers","ingredients"
"fat","fat","breyers","ingredients"
"locust","locust","breyers","ingredients"
"powder","powder","breyers","ingredients"
"pgpr","pgpr","breyers","ingredients"
"peppermint","peppermint","breyers","ingredients"
"peaches","peaches","breyers","ingredients"
"beans","bean","breyers","ingredients"
"sorbitol","sorbitol","breyers","ingredients"
"peanuts","peanuts","breyers","ingredients"
"peanut","peanut","breyers","ingredients"
"beet","beet","breyers","ingredients"
"juice","juice","breyers","ingredients"
"almond","almond","breyers","ingredients"
"almonds","almonds","breyers","ingredients"
"liquid","liquid","breyers","ingredients"
"pea","pea","breyers","ingredients"
"cheese","cheese","breyers","ingredients"
"pasteurized","pasteurized","breyers","ingredients"
"cultures","cultures","breyers","ingredients"
"raspberry","raspberry","breyers","ingredients"
"puree","puree","breyers","ingredients"
"dried","dried","breyers","ingredients"
"cane","cane","breyers","ingredients"
"brown","brown","breyers","ingredients"
"honey","honey","breyers","ingredients"
"eggs","eggs","breyers","ingredients"
"graham","graham","breyers","ingredients"
"fudge","fudge","breyers","ingredients"
"swirl","swirl","breyers","ingredients"
"modified","modified","breyers","ingredients"
"food","food","breyers","ingredients"
"starch","starch","breyers","ingredients"
"tapioca","tapioca","breyers","ingredients"
"reese","reese","breyers","ingredients"
"cup","cup","breyers","ingredients"
"lactose","lactose","breyers","ingredients"
"emulsifier","emulsifier","breyers","ingredients"
"tbhq","tbhq","breyers","ingredients"
"citric","citric","breyers","ingredients"
"maintain","maintain","breyers","ingredients"
"freshness","freshness","breyers","ingredients"
"sauce","sauce","breyers","ingredients"
"mini","mini","breyers","ingredients"
"partially","partially","breyers","ingredients"
"defatted","defatte","breyers","ingredients"
"hydrogenated","hydrogenated","breyers","ingredients"
"yellow","yellow","breyers","ingredients"
"lake","lake","breyers","ingredients"
"red","red","breyers","ingredients"
"blue","blue","breyers","ingredients"
"cornstarch","cornstarch","breyers","ingredients"
"confectioner","confectioner","breyers","ingredients"
"glaze","glaze","breyers","ingredients"
"carnauba","carnauba","breyers","ingredients"
"wax","wax","breyers","ingredients"
"vanillin","vanillin","breyers","ingredients"
"condensed","condensed","breyers","ingredients"
"carrageenan","carrageenan","breyers","ingredients"
"snickers","snicker","breyers","ingredients"
"milkfat","milkfat","breyers","ingredients"
"whites","whites","breyers","ingredients"
"coated","coat","breyers","ingredients"
"flavored","flavor","breyers","ingredients"
"coating","coating","breyers","ingredients"
"whole","whole","breyers","ingredients"
"roasted","roasted","breyers","ingredients"
"minis","minis","breyers","ingredients"
"candies","candy","breyers","ingredients"
"dextrin","dextrin","breyers","ingredients"
"citrate","citrate","breyers","ingredients"
"caseinate","caseinate","breyers","ingredients"
"carbonate","carbonate","breyers","ingredients"
"heath","heath","breyers","ingredients"
"toffee","toffee","breyers","ingredients"
"bar","bar","breyers","ingredients"
"sunflower","sunflower","breyers","ingredients"
"covered","covered","breyers","ingredients"
"waffle","waffle","breyers","ingredients"
"cone","cone","breyers","ingredients"
"pieces","piece","breyers","ingredients"
"dry","dry","breyers","ingredients"
"anhydrous","anhydrous","breyers","ingredients"
"unenriched","unenriched","breyers","ingredients"
"pecans","pecans","breyers","ingredients"
"ground","ground","breyers","ingredients"
"added","added","breyers","ingredients"
"propylene","propylene","breyers","ingredients"
"glycol","glycol","breyers","ingredients"
"monoesters","monoester","breyers","ingredients"
"cellulose","cellulose","breyers","ingredients"
"cups","cup","breyers","ingredients"
"orange","orange","breyers","ingredients"
"from","from","breyers","ingredients"
"strawberry","strawberry","breyers","ingredients"
"malic","malic","breyers","ingredients"
"ascorbic","ascorbic","breyers","ingredients"
"cheesecake","cheesecake","breyers","ingredients"
"crust","crust","breyers","ingredients"
"crumb","crumb","breyers","ingredients"
"sweetened","sweetened","breyers","ingredients"
"lemon","lemon","breyers","ingredients"
"zest","zest","breyers","ingredients"
"peel","peel","breyers","ingredients"
"base","base","breyers","ingredients"
"culture","culture","breyers","ingredients"
"cherries","cherry","breyers","ingredients"
"plum","plum","breyers","ingredients"
"cherry","cherry","breyers","ingredients"
"black","black","breyers","ingredients"
"carrot","carrot","breyers","ingredients"
"concentrates","concentrates","breyers","ingredients"
"beans","beans","breyers","ingredients"
"rice","rice","breyers","ingredients"
"thiamin","thiamin","breyers","ingredients"
"coffee","coffee","breyers","ingredients"
"fruit","fruit","breyers","ingredients"
"sea","sea","breyers","ingredients"
"unsweetened","unsweetened","breyers","ingredients"
"pyrophosphate","pyrophosphate","breyers","ingredients"
"monocalcium","monocalcium","breyers","ingredients"
"spice","spice","breyers","ingredients"
"spices","spice","breyers","ingredients"
"powdered","powdered","breyers","ingredients"
"alphonso","alphonso","talenti","name"
"mango","mango","talenti","name"
"sorbetto","sorbetto","talenti","name"
"banana","banana","talenti","name"
"caramel","caramel","talenti","name"
"crunch","crunch","talenti","name"
"belgian","belgian","talenti","name"
"chocolate","chocolate","talenti","name"
"gelato","gelato","talenti","name"
"black","black","talenti","name"
"raspberry","raspberry","talenti","name"
"chip","chip","talenti","name"
"vanilla","vanilla","talenti","name"
"parfait","parfait","talenti","name"
"apple","apple","talenti","name"
"pie","pie","talenti","name"
"cookie","cookie","talenti","name"
"caribbean","caribbean","talenti","name"
"coconut","coconut","talenti","name"
"cherry","cherry","talenti","name"
"cheesecake","cheesecake","talenti","name"
"dough","dough","talenti","name"
"peanut","peanut","talenti","name"
"butter","butter","talenti","name"
"cup","cup","talenti","name"
"almond","almond","talenti","name"
"coffee","coffee","talenti","name"
"crumble","crumble","talenti","name"
"cold","cold","talenti","name"
"brew","brew","talenti","name"
"dark","dark","talenti","name"
"double","double","talenti","name"
"fudge","fudge","talenti","name"
"brownie","brownie","talenti","name"
"hazelnut","hazelnut","talenti","name"
"key","key","talenti","name"
"lime","lime","talenti","name"
"lemon","lemon","talenti","name"
"berry","berry","talenti","name"
"madagascan","madagascan","talenti","name"
"bean","bean","talenti","name"
"mediterranean","mediterranean","talenti","name"
"mint","mint","talenti","name"
"old","old","talenti","name"
"world","world","talenti","name"
"eggnog","eggnog","talenti","name"
"organic","organic","talenti","name"
"brown","brown","talenti","name"
"mousse","mousse","talenti","name"
"ginger","ginger","talenti","name"
"matcha","matcha","talenti","name"
"oak","oak","talenti","name"
"aged","aged","talenti","name"
"pacific","pacific","talenti","name"
"coast","coast","talenti","name"
"pistachio","pistachio","talenti","name"
"peppermint","peppermint","talenti","name"
"bark","bark","talenti","name"
"pumpkin","pumpkin","talenti","name"
"roman","roman","talenti","name"
"salted","salt","talenti","name"
"truffle","truffle","talenti","name"
"sea","sea","talenti","name"
"salt","salt","talenti","name"
"southern","southern","talenti","name"
"pecan","pecan","talenti","name"
"strawberry","strawberry","talenti","name"
"hibiscus","hibiscus","talenti","name"
"blueberry","blueberry","talenti","name"
"swirl","swirl","talenti","name"
"mangos","mangos","talenti","ingredients"
"water","water","talenti","ingredients"
"sugar","sugar","talenti","ingredients"
"dextrose","dextrose","talenti","ingredients"
"lemon","lemon","talenti","ingredients"
"juice","juice","talenti","ingredients"
"carob","carob","talenti","ingredients"
"bean","bean","talenti","ingredients"
"gum","gum","talenti","ingredients"
"milk","milk","talenti","ingredients"
"bananas","banana","talenti","ingredients"
"wheat","wheat","talenti","ingredients"
"flour","flour","talenti","ingredients"
"cream","cream","talenti","ingredients"
"nonfat","nonfat","talenti","ingredients"
"egg","egg","talenti","ingredients"
"yolks","yolks","talenti","ingredients"
"whites","whites","talenti","ingredients"
"coconut","coconut","talenti","ingredients"
"oil","oil","talenti","ingredients"
"corn","corn","talenti","ingredients"
"whole","whole","talenti","ingredients"
"eggs","eggs","talenti","ingredients"
"baking","baking","talenti","ingredients"
"soda","soda","talenti","ingredients"
"vanilla","vanilla","talenti","ingredients"
"extract","extract","talenti","ingredients"
"natural","natural","talenti","ingredients"
"flavor","flavor","talenti","ingredients"
"salt","salt","talenti","ingredients"
"and","and","talenti","ingredients"
"yolk","yolk","talenti","ingredients"
"chocolate","chocolate","talenti","ingredients"
"cocoa","cocoa","talenti","ingredients"
"processed","processed","talenti","ingredients"
"with","with","talenti","ingredients"
"alkali","alkali","talenti","ingredients"
"butter","butter","talenti","ingredients"
"soy","soy","talenti","ingredients"
"lecithin","lecithin","talenti","ingredients"
"black","black","talenti","ingredients"
"raspberries","raspberry","talenti","ingredients"
"soybean","soybean","talenti","ingredients"
"raspberry","raspberry","talenti","ingredients"
"puree","puree","talenti","ingredients"
"rolled","rolled","talenti","ingredients"
"oats","oats","talenti","ingredients"
"tapioca","tapioca","talenti","ingredients"
"syrup","syrup","talenti","ingredients"
"brown","brown","talenti","ingredients"
"blueberries","blueberries","talenti","ingredients"
"sunflower","sunflower","talenti","ingredients"
"guar","guar","talenti","ingredients"
"pectin","pectin","talenti","ingredients"
"red","red","talenti","ingredients"
"cabbage","cabbage","talenti","ingredients"
"concentrate","concentrate","talenti","ingredients"
"for","for","talenti","ingredients"
"color","color","talenti","ingredients"
"skim","skim","talenti","ingredients"
"cinnamon","cinnamon","talenti","ingredients"
"dried","dried","talenti","ingredients"
"apples","apples","talenti","ingredients"
"palm","palm","talenti","ingredients"
"oils","oils","talenti","ingredients"
"enriched","enriched","talenti","ingredients"
"niacin","niacin","talenti","ingredients"
"reduced","reduced","talenti","ingredients"
"iron","iron","talenti","ingredients"
"thiamin","thiamin","talenti","ingredients"
"mononitrate","mononitrate","talenti","ingredients"
"riboflavin","riboflavin","talenti","ingredients"
"folic","folic","talenti","ingredients"
"acid","acid","talenti","ingredients"
"cane","cane","talenti","ingredients"
"starch","starch","talenti","ingredients"
"cheese","cheese","talenti","ingredients"
"culture","culture","talenti","ingredients"
"xanthan","xanthan","talenti","ingredients"
"cherry","cherry","talenti","ingredients"
"fat","fat","talenti","ingredients"
"bran","bran","talenti","ingredients"
"honey","honey","talenti","ingredients"
"germ","germ","talenti","ingredients"
"liquor","liquor","talenti","ingredients"
"molasses","molasses","talenti","ingredients"
"rice","rice","talenti","ingredients"
"peel","peel","talenti","ingredients"
"peanuts","peanuts","talenti","ingredients"
"almonds","almonds","talenti","ingredients"
"oils","oil","talenti","ingredients"
"desiccated","desiccated","talenti","ingredients"
"canola","canola","talenti","ingredients"
"sea","sea","talenti","ingredients"
"coffee","coffee","talenti","ingredients"
"vermouth","vermouth","talenti","ingredients"
"whey","whey","talenti","ingredients"
"fructose","fructose","talenti","ingredients"
"hazelnuts","hazelnuts","talenti","ingredients"
"cottonseed","cottonseed","talenti","ingredients"
"graham","graham","talenti","ingredients"
"kernel","kernel","talenti","ingredients"
"mint","mint","talenti","ingredients"
"leaf","leaf","talenti","ingredients"
"extractives","extractive","talenti","ingredients"
"nutmeg","nutmeg","talenti","ingredients"
"organic","organic","talenti","ingredients"
"glucose","glucose","talenti","ingredients"
"caramelized","caramelized","talenti","ingredients"
"ginger","ginger","talenti","ingredients"
"matcha","matcha","talenti","ingredients"
"green","green","talenti","ingredients"
"tea","tea","talenti","ingredients"
"ingredients","ingredient","talenti","ingredients"
"oakwood","oakwood","talenti","ingredients"
"pistachios","pistachios","talenti","ingredients"
"peanuts","peanut","talenti","ingredients"
"peanut","peanut","talenti","ingredients"
"pumpkin","pumpkin","talenti","ingredients"
"carrot","carrot","talenti","ingredients"
"powder","powder","talenti","ingredients"
"thaimin","thaimin","talenti","ingredients"
"balsamic","balsamic","talenti","ingredients"
"vinegar","vinegar","talenti","ingredients"
"wine","wine","talenti","ingredients"
"grape","grape","talenti","ingredients"
"must","must","talenti","ingredients"
"modified","modified","talenti","ingredients"
"added","added","talenti","ingredients"
"carrageenan","carrageenan","talenti","ingredients"
"dried","dry","talenti","ingredients"
"pecans","pecans","talenti","ingredients"
"molasses","molasse","talenti","ingredients"
"strawberries","strawberries","talenti","ingredients"
"hibiscus","hibiscus","talenti","ingredients"
"flower","flower","talenti","ingredients"
"lime","lime","talenti","ingredients"
"vegetable","vegetable","talenti","ingredients"
"beans","beans","talenti","ingredients"
"citric","citric","talenti","ingredients"
"beans","bean","talenti","ingredients"
